<?xml version="1.0" encoding="UTF-8"?>
<!--

    Copyright (c) 2011, 2017 Eurotech and/or its affiliates

     All rights reserved. This program and the accompanying materials
     are made available under the terms of the Eclipse Public License v1.0
     which accompanies this distribution, and is available at
     http://www.eclipse.org/legal/epl-v10.html

    Contributors:
      Eurotech

-->
<MetaData xmlns="http://www.osgi.org/xmlns/metatype/v1.2.0" localization="en_us">
    <OCD id="org.eclipse.kura.example.publisher.ExamplePublisher"
         name="ExamplePublisher" 
         description="Example of a Configuring Kura Application.">
        
        <Icon resource="http://s3.amazonaws.com/kura-resources/application/icon/applications-other.png" size="32"/>
        
        <AD id="cloud.service.pid"
            name="cloud.service.pid"
            type="String"
            cardinality="0"
            required="true"
            default="org.eclipse.kura.cloud.CloudService"
            description="Specify the pid of the Cloud Service that has to used to publish messages to the cloud platform.">
        </AD>
        
        <AD id="app.id"
            name="app.id"
            type="String"
            cardinality="0"
            required="true"
            default="EXAMPLE_PUBLISHER"
            description="Application ID">
        </AD>
        
        <AD id="publish.rate"  
            name="publish.rate"
            type="Integer"
            cardinality="0" 
            required="true"
            default="1000"
            min="1"
            description="Default message publishing rate in milliseconds (min 1)."/>
            
        <AD id="publish.qos"  
            name="publish.qos"
            type="Integer"
            cardinality="0" 
            required="true"
            default="0" 
            description="Default QoS to publish the messages with.">
           <Option label="0 - At most once" value="0"/>
           <Option label="1 - At least once" value="1"/>          
           <Option label="2 - Exactly once" value="2"/>
        </AD>

        <AD id="publish.retain"  
            name="publish.retain"
            type="Boolean"
            cardinality="0" 
            required="true"
            default="false" 
            description="Default retaing flag for the published messages."/>
        
        <AD id="publish.appTopic"  
            name="publish.appTopic"
            type="String"
            cardinality="0" 
            required="true"
            default="data/metrics" 
            description="Default semantic topic to publish the metrics to."/>
            
        <AD id="subscribe.topic"  
            name="subscribe.topic"
            type="String"
            cardinality="0" 
            required="true"
            default="inbound/#" 
            description="Application topic used for incoming messages from cloud. Will subscribe to #account-name/#client-id/#app.name/#subscribe.topic/">       
        </AD>
        
        <AD id="metric.temperature.initial"  
            name="metric.temperature.initial"
            type="Float"
            cardinality="0" 
            required="true"
            default="10"
            description="Initial value for the temperature metric."/>
        
        <AD id="metric.temperature.increment"  
            name="metric.temperature.increment"
            type="Float"
            cardinality="0" 
            required="true"
            default="0.1"
            description="Increment value for the temperature metric."/>

        <!-- String, Long, Integer, Short, Double, Float, Char, Byte, Boolean, Password -->
        
        <AD id="metric.string"
            name="metric.string"
            type="String"
            cardinality="0" 
            required="true"
            default="string.value"
            description="Test metric of String type."/>
         
        <AD id="metric.string.oneof"
            name="metric.string.oneof"
            type="String"
            cardinality="0" 
            required="true"
            default="string.value.option.1"
            description="Test metric of String type whose value is one of a list.">
           <Option label="string.value.option.1" value="string.value.option.1"/>
           <Option label="string.value.option.2" value="string.value.option.2"/>          
           <Option label="string.value.option.3" value="string.value.option.3"/>          
        </AD>
        
        <AD id="metric.long"  
            name="metric.long"
            type="Long"
            cardinality="0" 
            required="true"
            default="9223372036854774999" 
            min = "-9223372036854775000"
            max = "9223372036854775000"
            description="Long metric. Metric range min -9223372036854775000 max 9223372036854775000. Long min -9223372036854775808 max 9223372036854775807."/>

        <AD id="metric.integer"  
            name="metric.integer"
            type="Integer"
            cardinality="0" 
            required="true"
            default="2147483599" 
            min = "-2147483600"
            max = "2147483600"
            description="Integer metric. Metric range min -2147483600 max 2147483600. Integer min -2147483647 max 2147483647."/>

        <AD id="metric.integer.fixed"  
            name="metric.integer.fixed"
            type="Integer"
            cardinality="0" 
            required="true"
            default="101" 
            min = "101"
            max = "101"
            description="Integer metric. Metric range min -2147483600 max 2147483600. Integer min -2147483647 max 2147483647."/>
        
        <AD id="metric.short"  
            name="metric.short"
            type="Short"
            cardinality="0" 
            required="true"
            default="32759" 
            min = "-32760"
            max = "32760"
            description="Short metric. Metric range min -32760 max 32760. Short min -32767 max 32767."/>
        
        <AD id="metric.double"  
            name="metric.double"
            type="Double"
            cardinality="0" 
            required="true"
            default="4294967295.99998" 
            min = "-4294967295.99999"
            max = "4294967295.99999"
            description="Double metric. Metric range min -4294967295.99999 max 4294967295.99999."/>
        
        <AD id="metric.float"  
            name="metric.float"
            type="Float"
            cardinality="0" 
            required="true"
            default="32766.98" 
            min = "-32766.99"
            max = "32766.99"
            description="Float metric. Metric range min -32766.99 max 32766.99."/>

        <AD id="metric.char"  
            name="metric.char"
            type="Char"
            cardinality="0" 
            required="true"
            default="a" 
            min = "a"
            max = "z"
            description="Char metric. Min a. Max z."/>

        <AD id="metric.byte"  
            name="metric.byte"
            type="Byte"
            cardinality="0" 
            required="true"
            default="119" 
            min = "-120"
            max = "120"
            description="Byte metric. Metric range min -120 max 120. Byte min -127 max 127."/>

        <AD id="metric.boolean"  
            name="metric.boolean"
            type="Boolean"
            cardinality="0" 
            required="true"
            default="false" 
            description="Boolean metric."/>
        
        <AD id="metric.password"
            name="metric.password"
            type="Password"
            cardinality="0" 
            required="true"
            default="password.value"
            description="Password metric."/>

        <AD id="metric.string.array"
            name="metric.string.array"
            type="String"
            cardinality="5" 
            required="false"
            default="string.value1,string.value2,string.value3"
            description="Test metric of Array of String type."/>

        <AD id="metric.short.array"  
            name="metric.short.array"
            type="Short"
            cardinality="5" 
            required="false"
            min = "-32760"
            max = "32760"
            default="10,20,30"
            description="Short Array metric. Metric range min -32760 max 32760. Short min -32767 max 32767."/>
  
        <AD id="metric.string.optional"
            name="metric.string.optional"
            type="String"
            cardinality="1" 
            required="false"
            default=""
            description="Test optional strng metric. Leave EMPTY."/>
        
    </OCD>
    <Designate pid="org.eclipse.kura.example.publisher.ExamplePublisher" factoryPid="org.eclipse.kura.example.publisher.ExamplePublisher">
        <Object ocdref="org.eclipse.kura.example.publisher.ExamplePublisher"/>
    </Designate>
</MetaData>
